{"stats":{"minecraft:dropped":{"minecraft:wooden_pickaxe":1},"minecraft:used":{"minecraft:stone_sword":3,"minecraft:chicken":3,"minecraft:stone_pickaxe":13,"minecraft:wooden_pickaxe":3,"minecraft:stone_axe":64,"minecraft:dirt":6,"minecraft:crafting_table":3,"minecraft:oak_sapling":20,"minecraft:white_bed":1,"alexsmobs:animal_dictionary":1},"minecraft:killed":{"minecraft:sheep":3,"minecraft:chicken":3,"minecraft:cow":3},"minecraft:mined":{"minecraft:white_bed":1,"minecraft:birch_log":7,"minecraft:fire":6,"minecraft:birch_leaves":3,"minecraft:crafting_table":3,"minecraft:grass":6,"minecraft:grass_block":5,"minecraft:oak_log":45,"minecraft:dirt":1,"minecraft:stone":16,"minecraft:sugar_cane":2,"minecraft:oak_leaves":2},"minecraft:crafted":{"minecraft:crafting_table":1,"minecraft:stick":4,"minecraft:wooden_pickaxe":1,"minecraft:stone_pickaxe":1,"minecraft:stone_sword":1,"minecraft:furnace":1,"minecraft:white_bed":1,"minecraft:birch_planks":12,"minecraft:stone_axe":1},"minecraft:custom":{"minecraft:time_since_rest":1103,"minecraft:sprint_one_cm":35737,"minecraft:damage_taken":10,"minecraft:walk_one_cm":22695,"minecraft:mob_kills":9,"minecraft:drop":1,"minecraft:damage_dealt":660,"minecraft:swim_one_cm":4819,"minecraft:interact_with_crafting_table":5,"minecraft:fly_one_cm":21711,"minecraft:play_time":12625,"minecraft:walk_under_water_one_cm":2662,"minecraft:jump":140,"minecraft:leave_game":1,"minecraft:walk_on_water_one_cm":3698,"minecraft:time_since_death":12625,"minecraft:sleep_in_bed":1,"minecraft:total_world_time":12625,"minecraft:fall_one_cm":2845},"minecraft:picked_up":{"minecraft:birch_log":7,"minecraft:stick":16,"minecraft:crafting_table":3,"minecraft:feather":3,"minecraft:chicken":3,"minecraft:leather":3,"minecraft:oak_log":44,"minecraft:white_bed":1,"minecraft:dirt":6,"minecraft:beef":7,"minecraft:oak_sapling":20,"minecraft:sugar_cane":5,"minecraft:mutton":6,"minecraft:white_wool":3,"minecraft:cobblestone":16}},"DataVersion":3465}